"","id","Y"
"1","A00175","1"
"2","A01360","0"
"3","A02292","1"
"4","A03767","1"
"5","A03805","1"
"6","A04252","1"
"7","A04593","1"
"8","A04605","1"
"9","A04616","1"
"10","A04897","0"
"11","A04941","0"
"12","A05798","0"
"13","A05895","1"
"14","A06955","1"
"15","A07001","1"
"16","A07038","1"
"17","A07865","0"
"18","A09428","0"
"19","A10122","1"
"20","A10151","1"
"21","A10234","1"
"22","A11249","1"
"23","A11546","0"
"24","A11881","0"
"25","A12053","1"
"26","A12421","1"
"27","A13032","1"
"28","A13081","1"
"29","A14653","1"
"30","A15465","0"
"31","A15615","1"
"32","A15789","0"
"33","A15866","1"
"34","A15890","1"
"35","A16388","0"
"36","A16517","0"
"37","A17830","0"
"38","A18208","1"
"39","A18704","1"
"40","A19026","0"
"41","A19155","1"
"42","A19346","1"
"43","A19653","1"
"44","A19889","1"
"45","A20172","1"
"46","A20632","1"
"47","A21114","0"
"48","A23729","1"
"49","A24322","1"
"50","A24475","1"
"51","A24748","0"
"52","A24979","0"
"53","A25059","0"
"54","A25203","1"
"55","A26406","0"
"56","A27158","1"
"57","A27820","0"
"58","A27832","0"
"59","A27929","0"
"60","A28377","0"
"61","A28512","0"
"62","A29012","0"
"63","A29362","1"
"64","A29605","0"
"65","A29863","1"
"66","A30713","1"
"67","A30930","0"
"68","A31280","1"
"69","A31291","1"
"70","A31363","1"
"71","A31827","1"
"72","A31843","0"
"73","A32168","1"
"74","A32364","0"
"75","A32371","1"
"76","A33577","0"
"77","A33757","1"
"78","A34003","1"
"79","A34359","0"
"80","A34495","1"
"81","A35575","1"
"82","A35598","1"
"83","A35884","0"
"84","A35919","1"
"85","A37282","0"
"86","A37547","1"
"87","A37927","1"
"88","A38788","1"
"89","A39460","1"
"90","A39607","1"
"91","A40206","0"
"92","A40224","1"
"93","A40675","1"
"94","A41779","1"
"95","A42390","1"
"96","A44203","1"
"97","A44219","0"
"98","A44352","0"
"99","A44353","1"
"100","A47023","0"
"101","A47531","1"
"102","A47735","0"
"103","A48247","1"
"104","A51133","1"
"105","A51287","1"
"106","A52078","0"
"107","A52540","0"
"108","A53087","0"
"109","A53113","1"
"110","A54080","0"
"111","A54552","1"
"112","A54658","0"
"113","A54943","1"
"114","A55010","1"
"115","A55738","1"
"116","A56018","1"
"117","A56398","0"
"118","A57173","1"
"119","A57238","1"
"120","A57656","1"
"121","A58025","1"
"122","A58053","1"
"123","A58273","1"
"124","A58942","1"
"125","A59449","0"
"126","A59640","1"
"127","A59678","0"
"128","A60253","0"
"129","A60455","0"
"130","A61454","1"
"131","A62000","0"
"132","A62136","1"
"133","A62229","0"
"134","A63019","1"
"135","A63757","0"
"136","A65128","1"
"137","A65543","0"
"138","Z65908","1"
"139","A65908","1"
"140","A66151","1"
"141","A66583","0"
"142","A67306","0"
"143","A67456","1"
"144","A67607","0"
"145","A67728","1"
"146","A68249","1"
"147","A68805","1"
"148","A69601","1"
"149","A70113","1"
"150","A70127","1"
"151","A70233","1"
"152","A70805","1"
"153","A71341","1"
"154","A71500","1"
"155","A71523","1"
"156","A71606","1"
"157","A71864","1"
"158","A72205","1"
"159","A72211","1"
"160","A72461","1"
"161","A72660","1"
"162","A72671","1"
"163","A73583","1"
"164","A74094","0"
"165","A74499","1"
"166","A74795","1"
"167","A75477","0"
"168","A75523","1"
"169","A75909","1"
"170","A75993","1"
"171","A76158","1"
"172","A76604","1"
"173","A76997","0"
"174","A77505","1"
"175","A77921","1"
"176","A78107","1"
"177","A78942","0"
"178","A79934","0"
"179","A81119","0"
"180","A81196","1"
"181","Z82212","1"
"182","A82324","1"
"183","A82371","1"
"184","A82399","1"
"185","A82502","0"
"186","A83315","0"
"187","A83438","0"
"188","A83463","0"
"189","A83754","1"
"190","A83959","1"
"191","A84210","1"
"192","A84380","0"
"193","A84405","0"
"194","A84618","0"
"195","A84623","1"
"196","A84663","1"
"197","A84808","0"
"198","A85110","1"
"199","A85427","1"
"200","A86357","1"
"201","A86622","0"
"202","A86683","1"
"203","A87199","1"
"204","A87218","1"
"205","A87717","0"
"206","A87979","0"
"207","A88080","0"
"208","A88584","0"
"209","A89265","0"
"210","A89420","1"
"211","A90153","1"
"212","A90329","1"
"213","A90733","1"
"214","A90881","1"
"215","A91095","1"
"216","A91840","1"
"217","A92199","0"
"218","A92414","1"
"219","A92867","1"
"220","A92908","0"
"221","A93012","0"
"222","A93252","1"
"223","A93494","1"
"224","A93503","1"
"225","A93619","0"
"226","A94163","1"
"227","A94761","1"
"228","A94822","1"
"229","A94911","0"
"230","A95262","1"
"231","A95437","1"
"232","A95818","1"
"233","A95843","0"
"234","A96105","0"
"235","A97288","1"
"236","A97501","1"
"237","A97928","0"
"238","A97979","1"
"239","A98021","1"
"240","A98539","1"
"241","A98592","1"
"242","A99002","1"
"243","A99602","0"
"244","A99807","0"
"245","A99814","1"
"246","B00184","1"
"247","B00807","1"
"248","B01119","1"
"249","B01246","1"
"250","B01845","0"
"251","B01995","1"
"252","B02057","1"
"253","B02250","0"
"254","B02432","1"
"255","B02883","1"
"256","B02996","0"
"257","B03485","1"
"258","B03716","1"
"259","B04026","0"
"260","B04182","1"
"261","B04446","1"
"262","B04514","1"
"263","B04715","1"
"264","B04992","0"
"265","B05046","0"
"266","B06395","1"
"267","B06715","0"
"268","B07345","0"
"269","B08407","0"
"270","B09549","1"
"271","B09634","1"
"272","B09794","0"
"273","B09848","1"
"274","B09890","0"
"275","B10223","0"
"276","B10348","1"
"277","B10555","1"
"278","B10728","0"
"279","B10936","1"
"280","B11587","1"
"281","B12154","0"
"282","B12763","1"
"283","B12798","1"
"284","B13646","0"
"285","B14988","1"
"286","B15058","0"
"287","B15128","0"
"288","B15203","1"
"289","B15683","0"
"290","B15886","0"
"291","B16132","0"
"292","B16147","0"
"293","B16187","1"
"294","B16544","0"
"295","B17359","1"
"296","B17502","1"
"297","B17711","0"
"298","B19187","1"
"299","B19253","0"
"300","B19516","1"
"301","B19519","1"
"302","B19723","0"
"303","B19834","1"
"304","B19990","1"
"305","B20357","1"
"306","B20485","0"
"307","B20963","1"
"308","B21105","1"
"309","B21705","1"
"310","B21765","0"
"311","B21853","1"
"312","B21892","1"
"313","B22755","1"
"314","B23087","0"
"315","B23881","1"
"316","B25937","1"
"317","B26970","0"
"318","B27272","1"
"319","B28352","1"
"320","B29083","0"
"321","B29130","0"
"322","B29360","1"
"323","B29626","1"
"324","B30181","1"
"325","B30740","1"
"326","B30741","1"
"327","B32286","1"
"328","B33376","1"
"329","B33403","1"
"330","B33480","0"
"331","B34406","0"
"332","B34812","1"
"333","B35595","1"
"334","B36242","1"
"335","B37382","1"
"336","B37424","0"
"337","B37936","0"
"338","B39362","0"
"339","B39697","0"
"340","B39962","1"
"341","B40421","1"
"342","B40825","0"
"343","B41236","0"
"344","B41776","1"
"345","B42006","1"
"346","B42050","1"
"347","B42203","0"
"348","B43518","1"
"349","B44081","1"
"350","B44319","0"
"351","B44348","1"
"352","B44378","1"
"353","B44813","1"
"354","B45157","0"
"355","B45515","1"
"356","B45794","0"
"357","B46017","1"
"358","B46734","1"
"359","B46800","1"
"360","B47337","0"
"361","B47976","1"
"362","B48662","1"
"363","B49487","0"
"364","B49507","1"
"365","B49749","1"
"366","B50134","1"
"367","B50198","1"
"368","B51755","1"
"369","B51790","0"
"370","B52060","0"
"371","B52187","1"
"372","B52376","1"
"373","B52684","1"
"374","B52816","0"
"375","B52835","0"
"376","B53560","1"
"377","B53606","1"
"378","B54073","1"
"379","B54136","1"
"380","B55533","1"
"381","B55905","0"
"382","B56319","1"
"383","B56423","1"
"384","B57193","1"
"385","B57518","0"
"386","B57680","1"
"387","B57998","1"
"388","B58265","1"
"389","B58652","1"
"390","B58746","1"
"391","B60164","1"
"392","B60591","1"
"393","B60865","1"
"394","B61439","0"
"395","B62130","1"
"396","B62319","1"
"397","B62630","1"
"398","B64116","1"
"399","B64409","0"
"400","B64426","1"
"401","B64726","1"
"402","B65030","1"
"403","B66804","1"
"404","B67008","1"
"405","B67026","1"
"406","B68200","1"
"407","B68477","0"
"408","B68567","1"
"409","B68738","0"
"410","B69198","1"
"411","B69210","0"
"412","B69696","1"
"413","B70448","1"
"414","B70860","0"
"415","B70870","1"
"416","B70888","1"
"417","B70944","1"
"418","B72993","0"
"419","B73117","0"
"420","B73380","1"
"421","B73570","0"
"422","B73667","1"
"423","B73674","1"
"424","B74219","0"
"425","B74913","1"
"426","B75155","0"
"427","B75570","0"
"428","B75613","1"
"429","B77313","1"
"430","B77533","1"
"431","B77839","1"
"432","B78058","0"
"433","B78897","0"
"434","B78999","0"
"435","B79133","1"
"436","B79381","0"
"437","B80488","1"
"438","B80580","1"
"439","B81287","1"
"440","B81593","1"
"441","B82437","1"
"442","B82945","0"
"443","B83058","1"
"444","B83146","1"
"445","B83722","1"
"446","B83966","0"
"447","B84255","1"
"448","B85739","1"
"449","B85902","0"
"450","B85973","0"
"451","B86028","0"
"452","B86164","1"
"453","B86725","0"
"454","B87549","1"
"455","B88957","0"
"456","B89019","1"
"457","B89095","1"
"458","B89366","1"
"459","B89517","1"
"460","B89530","0"
"461","B89709","0"
"462","B89720","1"
"463","B90460","1"
"464","B90620","1"
"465","B91618","0"
"466","B92245","1"
"467","B92735","1"
"468","B93225","0"
"469","B93639","0"
"470","B94115","1"
"471","B94785","0"
"472","B94873","0"
"473","B94927","1"
"474","B95203","1"
"475","B95277","0"
"476","B95521","0"
"477","B96193","1"
"478","B96705","1"
"479","B97571","0"
"480","B98117","0"
"481","B98514","1"
"482","B98645","1"
"483","B99029","1"
"484","B99164","1"
"485","C00811","1"
"486","C01176","0"
"487","C01631","1"
"488","C01778","1"
"489","C01896","0"
"490","C02121","0"
"491","C02660","1"
"492","C03032","1"
"493","C03120","1"
"494","C03888","1"
"495","C04595","1"
"496","C05489","1"
"497","C06034","0"
"498","C08830","1"
"499","C10144","1"
"500","C10225","1"
"501","C10993","1"
"502","C11432","0"
"503","C11449","1"
"504","C11860","1"
"505","C12120","1"
"506","C12316","1"
"507","C13669","1"
"508","C13917","1"
"509","C14836","1"
"510","C15312","0"
"511","C15325","0"
"512","C15582","0"
"513","C15847","1"
"514","C16439","0"
"515","C16571","0"
"516","C16580","1"
"517","C16583","1"
"518","C17366","1"
"519","C17650","1"
"520","C17769","0"
"521","C17947","0"
"522","C18076","1"
"523","C18859","1"
"524","C19881","1"
"525","C20039","1"
"526","C20180","1"
"527","C20280","1"
"528","C20641","1"
"529","C20706","0"
"530","C20790","1"
"531","C20845","0"
"532","C20994","1"
"533","C21087","1"
"534","X21157","1"
"535","C21479","1"
"536","C21941","1"
"537","C22158","0"
"538","C22171","0"
"539","C22545","1"
"540","C22799","0"
"541","C22816","0"
"542","C23104","1"
"543","C23210","1"
"544","C23987","1"
"545","C24994","1"
"546","C25086","0"
"547","C25362","0"
"548","C25642","1"
"549","C25999","1"
"550","C26074","1"
"551","C26103","1"
"552","C26963","1"
"553","C27081","1"
"554","C27470","1"
"555","C27852","1"
"556","C28065","0"
"557","C28083","1"
"558","C28383","0"
"559","C29065","1"
"560","C29089","0"
"561","C29425","1"
"562","C29498","1"
"563","C29641","1"
"564","C30092","1"
"565","C30164","1"
"566","C30374","0"
"567","C31261","1"
"568","C31609","1"
"569","C31665","1"
"570","C31735","1"
"571","C31781","0"
"572","C32115","1"
"573","C32309","1"
"574","C32486","1"
"575","C32649","0"
"576","C32967","1"
"577","C33587","1"
"578","C34374","1"
"579","C34924","0"
"580","C35185","0"
"581","C35320","0"
"582","C36200","1"
"583","C36362","1"
"584","C36386","1"
"585","C37153","1"
"586","C38221","0"
"587","C38696","1"
"588","C39402","1"
"589","C39681","1"
"590","C40817","1"
"591","C41367","1"
"592","C41972","1"
"593","C42138","0"
"594","C42830","1"
"595","C43217","0"
"596","C43877","1"
"597","C43951","1"
"598","C44009","0"
"599","C44156","0"
"600","C44427","0"
"601","C45913","0"
"602","C46210","0"
"603","C46697","0"
"604","C47620","1"
"605","C47941","1"
"606","C48359","1"
"607","C48403","0"
"608","C48556","0"
"609","C50053","1"
"610","C50889","0"
"611","C50948","0"
"612","C51597","1"
"613","C52391","1"
"614","C52831","0"
"615","C52931","1"
"616","C53127","0"
"617","C54936","1"
"618","C55137","1"
"619","C55492","1"
"620","C56714","0"
"621","C57329","0"
"622","C57437","1"
"623","C57607","1"
"624","C58344","0"
"625","C58724","1"
"626","C58934","0"
"627","C59648","1"
"628","C59701","1"
"629","C60805","0"
"630","C60980","0"
"631","C61036","0"
"632","C61226","1"
"633","C61767","1"
"634","C62078","0"
"635","C62664","0"
"636","C62803","1"
"637","C62867","0"
"638","C63245","0"
"639","C63273","0"
"640","C63438","1"
"641","C63597","0"
"642","C63816","1"
"643","C64133","0"
"644","C64236","0"
"645","C64414","1"
"646","C64595","0"
"647","C64928","1"
"648","C65235","1"
"649","C66159","1"
"650","C66238","0"
"651","C66514","1"
"652","C66695","0"
"653","C66768","0"
"654","C67027","1"
"655","C67832","1"
"656","C67950","1"
"657","C68368","1"
"658","C69017","0"
"659","C69683","1"
"660","C70067","0"
"661","C70285","1"
"662","C70634","0"
"663","C71320","0"
"664","C71365","1"
"665","C71373","1"
"666","X71447","1"
"667","C71673","0"
"668","C71726","1"
"669","C72284","1"
"670","C72334","1"
"671","C73900","1"
"672","C74020","1"
"673","C74032","1"
"674","C74268","1"
"675","C74624","0"
"676","C75322","1"
"677","C77565","1"
"678","C78745","1"
"679","C79181","0"
"680","C79377","1"
"681","C79382","1"
"682","C79435","1"
"683","C79674","0"
"684","C80220","1"
"685","C81242","1"
"686","C81656","0"
"687","C81915","1"
"688","C82112","1"
"689","C83160","1"
"690","C83242","1"
"691","C83455","0"
"692","C83466","1"
"693","C83467","1"
"694","C83739","1"
"695","C84252","1"
"696","C84359","1"
"697","C84601","1"
"698","C85003","0"
"699","X85323","0"
"700","C85536","0"
"701","C86780","0"
"702","C87121","1"
"703","C87687","0"
"704","C88384","1"
"705","C89287","0"
"706","C89502","1"
"707","C90412","0"
"708","C90669","1"
"709","C91144","0"
"710","C91276","1"
"711","C91479","0"
"712","C92051","1"
"713","C92480","1"
"714","C92549","0"
"715","C92852","0"
"716","C94225","1"
"717","C94747","1"
"718","C94810","1"
"719","C94836","1"
"720","C96231","1"
"721","C96852","1"
"722","C96984","1"
"723","C97158","1"
"724","C97697","1"
"725","C97951","1"
"726","C98922","1"
"727","C99706","0"
"728","D00212","1"
"729","D01009","0"
"730","D01152","0"
"731","D01930","0"
"732","D02383","1"
"733","D02520","1"
"734","D02769","0"
"735","D02826","0"
"736","D03602","1"
"737","D04752","0"
"738","D04945","1"
"739","D05199","1"
"740","D05389","1"
"741","D06585","1"
"742","D06820","1"
"743","D06851","0"
"744","D06953","1"
"745","D07043","1"
"746","D07071","1"
"747","D07079","0"
"748","D07160","1"
"749","D07464","1"
"750","D07508","1"
"751","D08089","1"
"752","D08556","1"
"753","D08853","1"
"754","D09010","1"
"755","D10207","1"
"756","D10358","1"
"757","D10443","1"
"758","D10574","1"
"759","D10672","1"
"760","D11183","1"
"761","D11530","1"
"762","D11751","0"
"763","D12360","0"
"764","D12706","1"
"765","D13505","1"
"766","D13879","1"
"767","D13921","0"
"768","D14179","0"
"769","D14531","0"
"770","D15080","1"
"771","D15229","1"
"772","D15385","1"
"773","D15455","1"
"774","D15481","1"
"775","D16197","1"
"776","D16506","1"
"777","D16659","1"
"778","D17071","0"
"779","D17248","0"
"780","D17349","0"
"781","D17836","1"
"782","D17882","0"
"783","D18284","0"
"784","D18733","0"
"785","D18819","1"
"786","D18950","0"
"787","D19213","1"
"788","D19425","1"
"789","D20131","1"
"790","D20513","0"
"791","D20783","0"
"792","D20917","0"
"793","D21394","0"
"794","D21515","1"
"795","D21889","1"
"796","D22382","0"
"797","D22903","1"
"798","D23165","0"
"799","D23290","1"
"800","D24295","0"
"801","D24642","1"
"802","D24978","1"
"803","D25246","1"
"804","D25733","1"
"805","D25869","1"
"806","D26638","1"
"807","D26652","0"
"808","D27735","1"
"809","D27780","0"
"810","D28357","0"
"811","D28798","1"
"812","D28951","1"
"813","D29014","1"
"814","D29237","0"
"815","D30017","1"
"816","D30294","1"
"817","D30858","1"
"818","D31215","1"
"819","D31258","1"
"820","D31730","1"
"821","D31822","0"
"822","D32021","0"
"823","D32146","1"
"824","D32596","0"
"825","D33191","1"
"826","D33360","1"
"827","D34003","0"
"828","D34004","1"
"829","D34368","1"
"830","D35686","0"
"831","D35926","0"
"832","D36353","0"
"833","D36361","1"
"834","D36608","1"
"835","D36711","1"
"836","D37200","1"
"837","D38268","1"
"838","D39166","1"
"839","D39246","0"
"840","D39857","1"
"841","D41189","1"
"842","D41345","1"
"843","D41574","0"
"844","D41664","1"
"845","D41770","1"
"846","D42021","1"
"847","D43011","1"
"848","D43251","1"
"849","D43974","0"
"850","D44621","0"
"851","D45784","1"
"852","D47193","0"
"853","D47852","1"
"854","D47939","1"
"855","D48041","1"
"856","D49387","1"
"857","D49772","0"
"858","D49947","1"
"859","D50692","0"
"860","D51591","1"
"861","D51901","1"
"862","D52352","1"
"863","D52594","1"
"864","D53984","1"
"865","X54286","1"
"866","D54286","0"
"867","D54932","0"
"868","D55205","1"
"869","D55436","1"
"870","D55757","0"
"871","D56722","0"
"872","D56729","0"
"873","D56779","1"
"874","D57088","1"
"875","D57647","0"
"876","D58103","1"
"877","D58200","1"
"878","D58246","0"
"879","D58624","0"
"880","D58703","1"
"881","D59103","1"
"882","D59257","0"
"883","D59517","0"
"884","D60173","1"
"885","D60529","1"
"886","D61762","1"
"887","D61918","0"
"888","D62004","1"
"889","D62322","1"
"890","D62824","1"
"891","D63543","1"
"892","D64306","0"
"893","D65138","0"
"894","D66227","1"
"895","D66265","0"
"896","D66511","1"
"897","D66516","0"
"898","D66959","1"
"899","D67115","1"
"900","D67337","1"
"901","D68246","1"
"902","D68271","1"
"903","D68535","1"
"904","D68937","0"
"905","D69704","1"
"906","D70013","0"
"907","D70222","0"
"908","D70544","1"
"909","D70686","1"
"910","D71798","1"
"911","D72342","0"
"912","D72871","1"
"913","D72955","1"
"914","D74014","1"
"915","D74199","1"
"916","D74228","1"
"917","D74340","0"
"918","D74534","0"
"919","D75154","1"
"920","D75211","1"
"921","D75241","1"
"922","D75545","1"
"923","D76612","1"
"924","D76775","1"
"925","D77289","1"
"926","D77717","1"
"927","D78223","0"
"928","D78549","1"
"929","D78970","0"
"930","D78999","1"
"931","D79206","1"
"932","D79246","0"
"933","D79516","1"
"934","D79814","1"
"935","D80042","1"
"936","D80488","1"
"937","D80637","1"
"938","D80870","0"
"939","D81328","1"
"940","D81555","1"
"941","D83405","0"
"942","D85043","1"
"943","D85376","0"
"944","D86064","0"
"945","D86075","1"
"946","D86173","1"
"947","D86409","1"
"948","D86525","0"
"949","D86611","1"
"950","D86905","1"
"951","D87340","1"
"952","D87413","1"
"953","D87581","1"
"954","D87701","1"
"955","D88405","1"
"956","D88997","0"
"957","D89168","1"
"958","D89567","1"
"959","D89836","1"
"960","D89847","1"
"961","D89877","0"
"962","D89949","0"
"963","D90011","1"
"964","D90071","1"
"965","D90122","1"
"966","D90709","0"
"967","D91237","1"
"968","D92554","0"
"969","D92572","1"
"970","D92635","1"
"971","D92639","0"
"972","X92861","1"
"973","D93204","1"
"974","D93225","0"
"975","D94090","1"
"976","D94765","0"
"977","D94944","1"
"978","D95860","1"
"979","D96438","0"
"980","D96502","0"
"981","D97952","1"
"982","D98139","1"
"983","D98481","0"
"984","D98810","1"
"985","D98893","0"
"986","D98895","1"
"987","D99674","1"
"988","D99718","1"
"989","E00394","0"
"990","E00449","1"
"991","E00482","1"
"992","E00684","1"
"993","E01010","1"
"994","E01180","0"
"995","E01446","1"
"996","E02785","1"
"997","E03910","0"
"998","E04558","1"
"999","E04589","0"
"1000","E04781","1"
"1001","E05069","1"
"1002","E05073","1"
"1003","E05209","0"
"1004","E05479","1"
"1005","E05518","1"
"1006","E06277","1"
"1007","E06384","0"
"1008","E07240","0"
"1009","E07679","1"
"1010","E07781","1"
"1011","E07911","1"
"1012","E08203","1"
"1013","E08311","1"
"1014","E08479","1"
"1015","E08605","0"
"1016","E09395","1"
"1017","E09515","0"
"1018","E09607","1"
"1019","E09903","0"
"1020","E11361","1"
"1021","E12156","1"
"1022","E12350","1"
"1023","E12714","0"
"1024","E13461","0"
"1025","E13521","1"
"1026","E13674","1"
"1027","E13763","1"
"1028","E13935","1"
"1029","E14297","1"
"1030","E14686","0"
"1031","E14687","1"
"1032","E15077","0"
"1033","E17158","0"
"1034","E17434","1"
"1035","E17524","1"
"1036","E18096","1"
"1037","E18699","0"
"1038","E18969","1"
"1039","E19288","1"
"1040","X19381","0"
"1041","E19799","1"
"1042","E19989","0"
"1043","E20083","1"
"1044","E20366","1"
"1045","E20653","0"
"1046","E21347","0"
"1047","E21862","1"
"1048","E22132","1"
"1049","E23511","1"
"1050","E24517","0"
"1051","E24547","0"
"1052","E24719","1"
"1053","E25392","1"
"1054","E25571","1"
"1055","E26456","1"
"1056","E26485","1"
"1057","E27765","1"
"1058","E28151","1"
"1059","E28580","1"
"1060","E28726","1"
"1061","E28800","1"
"1062","E30047","0"
"1063","E30295","1"
"1064","E31250","0"
"1065","E31308","1"
"1066","E31698","1"
"1067","E32481","1"
"1068","E33364","0"
"1069","E33439","0"
"1070","E33895","1"
"1071","E33918","0"
"1072","E34102","1"
"1073","E34937","0"
"1074","E35559","1"
"1075","E35600","1"
"1076","E36300","0"
"1077","E36782","1"
"1078","E36789","0"
"1079","E36895","1"
"1080","E37182","0"
"1081","E38063","1"
"1082","E39078","0"
"1083","E39087","1"
"1084","E39133","1"
"1085","E39387","1"
"1086","E40724","0"
"1087","E40767","1"
"1088","E41692","1"
"1089","E41961","1"
"1090","E41969","1"
"1091","E42127","0"
"1092","E42249","1"
"1093","E42257","1"
"1094","X42300","1"
"1095","E42300","0"
"1096","E42475","0"
"1097","E42720","1"
"1098","E42741","0"
"1099","E42793","1"
"1100","E42923","0"
"1101","E42928","0"
"1102","E43261","1"
"1103","E43266","1"
"1104","E43484","0"
"1105","E43496","1"
"1106","E43583","1"
"1107","E43889","1"
"1108","E44169","0"
"1109","E44504","0"
"1110","E45677","1"
"1111","E46074","1"
"1112","E46110","1"
"1113","E46168","1"
"1114","E46185","1"
"1115","E46451","1"
"1116","E46693","0"
"1117","E46857","0"
"1118","E47129","0"
"1119","E47132","0"
"1120","E47857","0"
"1121","E47919","0"
"1122","E48111","1"
"1123","E48184","1"
"1124","E48257","1"
"1125","E50200","0"
"1126","E50772","0"
"1127","E51408","1"
"1128","E51685","0"
"1129","E51744","1"
"1130","E51854","1"
"1131","E52604","0"
"1132","E53347","0"
"1133","E54524","1"
"1134","E54709","1"
"1135","E54791","0"
"1136","E54864","1"
"1137","E55053","1"
"1138","E55737","0"
"1139","E55750","1"
"1140","E55860","0"
"1141","E56141","0"
"1142","E56760","1"
"1143","E57230","1"
"1144","E57616","0"
"1145","E57995","1"
"1146","E58096","0"
"1147","E58806","0"
"1148","E59815","0"
"1149","E60037","1"
"1150","E60046","1"
"1151","E60727","0"
"1152","E60808","1"
"1153","E60919","1"
"1154","E60991","1"
"1155","E61021","0"
"1156","E61535","1"
"1157","E61563","1"
"1158","E61682","1"
"1159","E61921","0"
"1160","E62231","1"
"1161","E62673","0"
"1162","E63179","1"
"1163","E63323","0"
"1164","E63394","0"
"1165","E63838","1"
"1166","E64807","1"
"1167","E65208","1"
"1168","E65210","0"
"1169","E65995","1"
"1170","E66471","1"
"1171","E67435","1"
"1172","E67456","1"
"1173","E67897","1"
"1174","E68458","0"
"1175","E68869","0"
"1176","E69260","0"
"1177","E69489","1"
"1178","E69769","0"
"1179","E69885","1"
"1180","E70215","0"
"1181","E70550","1"
"1182","E71866","1"
"1183","E72047","1"
"1184","E72189","0"
"1185","E72510","0"
"1186","E72914","1"
"1187","E73336","1"
"1188","E73398","1"
"1189","E73598","1"
"1190","E73665","0"
"1191","E73679","1"
"1192","E73809","1"
"1193","E74085","1"
"1194","X74203","0"
"1195","E75411","1"
"1196","E77116","1"
"1197","E77204","0"
"1198","E77346","0"
"1199","E77560","0"
"1200","E77744","0"
"1201","E78621","0"
"1202","E78883","0"
"1203","E79032","0"
"1204","E79123","1"
"1205","E79185","1"
"1206","E79557","0"
"1207","E80800","0"
"1208","E81880","1"
"1209","E82630","1"
"1210","E82843","0"
"1211","E83318","1"
"1212","E84086","1"
"1213","X85349","1"
"1214","E85688","1"
"1215","E85890","0"
"1216","E86047","0"
"1217","E87174","1"
"1218","E87592","1"
"1219","E88724","1"
"1220","E89103","1"
"1221","E89237","0"
"1222","E89904","1"
"1223","E89994","1"
"1224","E90617","1"
"1225","E92090","1"
"1226","E92172","1"
"1227","E92244","0"
"1228","E92411","0"
"1229","E92625","1"
"1230","E93111","0"
"1231","E93231","0"
"1232","E94924","1"
"1233","E96241","1"
"1234","E96749","0"
"1235","E97175","1"
"1236","E97448","1"
"1237","E97623","0"
"1238","E98188","0"
"1239","E98395","1"
"1240","E98418","1"
"1241","E98986","0"
"1242","E99304","1"
"1243","F00327","1"
"1244","F00653","1"
"1245","F01392","1"
"1246","F01668","1"
"1247","F01822","1"
"1248","F02199","1"
"1249","F02517","1"
"1250","F03256","1"
"1251","F03876","1"
"1252","F03880","0"
"1253","F04513","1"
"1254","F04554","1"
"1255","F04932","0"
"1256","F04948","1"
"1257","F05060","1"
"1258","F05341","0"
"1259","F05424","1"
"1260","F05866","1"
"1261","F06061","1"
"1262","F06174","0"
"1263","F06395","1"
"1264","F06685","0"
"1265","F07526","1"
"1266","F07565","1"
"1267","F07629","1"
"1268","F08509","1"
"1269","F08664","1"
"1270","F08743","0"
"1271","F08848","1"
"1272","F09475","1"
"1273","F09881","1"
"1274","F10060","1"
"1275","F10291","0"
"1276","F11101","1"
"1277","F11272","1"
"1278","F11830","1"
"1279","F12298","1"
"1280","F12374","1"
"1281","F12383","0"
"1282","F12432","1"
"1283","F13047","1"
"1284","F14460","0"
"1285","F14713","1"
"1286","F14864","1"
"1287","F15230","1"
"1288","F15301","1"
"1289","F15732","1"
"1290","F15850","0"
"1291","F15903","1"
"1292","F16159","1"
"1293","F16257","1"
"1294","F16755","0"
"1295","F17115","1"
"1296","F17143","0"
"1297","F17869","1"
"1298","F17929","1"
"1299","F18189","0"
"1300","F18262","1"
"1301","F18331","1"
"1302","F18513","0"
"1303","F19956","0"
"1304","F19983","1"
"1305","F20337","1"
"1306","F21467","1"
"1307","F21879","1"
"1308","F22127","1"
"1309","F22419","1"
"1310","F23004","1"
"1311","F23209","0"
"1312","F23259","1"
"1313","F24045","1"
"1314","F24086","1"
"1315","F24253","0"
"1316","F25485","1"
"1317","F26703","1"
"1318","F26962","0"
"1319","F27715","1"
"1320","F28116","1"
"1321","F28419","1"
"1322","F28796","1"
"1323","F29755","1"
"1324","F29842","0"
"1325","F30201","0"
"1326","F30768","0"
"1327","F30840","1"
"1328","F30879","1"
"1329","F31515","0"
"1330","F32433","1"
"1331","F32583","1"
"1332","F32692","0"
"1333","F33099","1"
"1334","F34018","1"
"1335","F34552","1"
"1336","F34862","1"
"1337","F35930","0"
"1338","F36406","1"
"1339","F36483","0"
"1340","F36671","1"
"1341","F37119","1"
"1342","F37599","1"
"1343","F37751","1"
"1344","F38002","1"
"1345","F39851","1"
"1346","F40149","1"
"1347","F40817","1"
"1348","F41463","1"
"1349","F41573","1"
"1350","F41785","1"
"1351","F42300","1"
"1352","F42302","1"
"1353","F42387","0"
"1354","F43259","1"
"1355","F43338","1"
"1356","F43644","1"
"1357","F44058","1"
"1358","F44581","0"
"1359","F44750","1"
"1360","F45011","1"
"1361","F45516","1"
"1362","F46030","0"
"1363","F46312","1"
"1364","F47119","0"
"1365","F47779","1"
"1366","F48107","0"
"1367","F48321","1"
"1368","F48835","1"
"1369","F48937","1"
"1370","F49041","1"
"1371","F49592","0"
"1372","F49860","1"
"1373","F50366","1"
"1374","F50412","1"
"1375","F50555","1"
"1376","F50617","1"
"1377","F51008","0"
"1378","F51071","0"
"1379","F51178","1"
"1380","F51788","1"
"1381","F51996","1"
"1382","F52532","0"
"1383","F53511","1"
"1384","F53882","0"
"1385","F53908","1"
"1386","F54582","1"
"1387","F54629","0"
"1388","F54879","0"
"1389","F56137","0"
"1390","F56209","1"
"1391","F56263","0"
"1392","F56544","1"
"1393","F56748","0"
"1394","F58419","1"
"1395","F58801","0"
"1396","F59214","0"
"1397","F59371","0"
"1398","F59693","1"
"1399","F59858","1"
"1400","F59863","1"
"1401","F60012","0"
"1402","F60194","1"
"1403","F60492","1"
"1404","F61001","1"
"1405","F61583","0"
"1406","F61631","1"
"1407","F63597","1"
"1408","F63598","1"
"1409","F63683","0"
"1410","F64189","0"
"1411","F64820","1"
"1412","F65705","0"
"1413","F66220","1"
"1414","F66522","0"
"1415","F67073","1"
"1416","F67289","1"
"1417","F67424","1"
"1418","F67426","1"
"1419","F68138","1"
"1420","F68288","1"
"1421","F68762","0"
"1422","F69010","1"
"1423","F69465","0"
"1424","F69585","1"
"1425","F70283","1"
"1426","F70479","1"
"1427","F71145","0"
"1428","F72494","1"
"1429","F72879","1"
"1430","F73759","0"
"1431","F74401","0"
"1432","F74446","1"
"1433","F74917","1"
"1434","F75108","1"
"1435","F76705","1"
"1436","F77015","0"
"1437","F77116","0"
"1438","F77454","0"
"1439","F78273","0"
"1440","F79041","1"
"1441","F79335","0"
"1442","F79523","1"
"1443","F80047","1"
"1444","F80308","0"
"1445","F80490","0"
"1446","F80574","1"
"1447","F80871","1"
"1448","F81319","1"
"1449","F81851","0"
"1450","F82094","1"
"1451","F82828","1"
"1452","F83146","0"
"1453","F83200","0"
"1454","F83249","0"
"1455","F83377","1"
"1456","F84502","1"
"1457","F84957","1"
"1458","F85011","1"
"1459","F85415","1"
"1460","F85669","0"
"1461","F85964","1"
"1462","F85972","1"
"1463","F86254","1"
"1464","F88113","1"
"1465","F89353","1"
"1466","F89697","0"
"1467","F90183","1"
"1468","F90335","1"
"1469","F91006","1"
"1470","F91622","1"
"1471","F91729","0"
"1472","F92185","0"
"1473","F92193","1"
"1474","F92741","0"
"1475","F94772","0"
"1476","F94976","1"
"1477","F95156","1"
"1478","F95296","1"
"1479","F95320","1"
"1480","F95756","0"
"1481","F95847","1"
"1482","F96137","1"
"1483","F96170","0"
"1484","F97066","0"
"1485","F97440","1"
"1486","F97506","1"
"1487","F97685","0"
"1488","F97889","0"
"1489","F99163","1"
"1490","F99342","1"
"1491","F99403","1"
"1492","G00002","0"
"1493","G00982","1"
"1494","G01349","1"
"1495","G01553","1"
"1496","G01585","1"
"1497","G01603","1"
"1498","G02038","1"
"1499","G02169","1"
"1500","G02244","0"
"1501","G02563","1"
"1502","G03675","1"
"1503","G04067","1"
"1504","G04085","1"
"1505","G04733","0"
"1506","G04953","0"
"1507","G05146","1"
"1508","G05157","0"
"1509","G05358","0"
"1510","G05942","1"
"1511","G06607","1"
"1512","G06820","0"
"1513","G07107","1"
"1514","G07522","1"
"1515","G08759","0"
"1516","G09701","1"
"1517","G09719","1"
"1518","G09857","1"
"1519","G10238","0"
"1520","G10871","1"
"1521","G10918","1"
"1522","G11123","0"
"1523","G11383","1"
"1524","G12570","1"
"1525","G12703","0"
"1526","G12876","0"
"1527","G12953","0"
"1528","G13833","1"
"1529","G14306","1"
"1530","G14589","1"
"1531","G15104","1"
"1532","G15819","1"
"1533","G15831","0"
"1534","G16411","1"
"1535","G17335","0"
"1536","G17754","0"
"1537","G17769","1"
"1538","G18876","1"
"1539","G18936","0"
"1540","G19664","1"
"1541","G19930","1"
"1542","G20136","1"
"1543","G20784","1"
"1544","G21528","1"
"1545","G21877","1"
"1546","G22197","0"
"1547","G22418","0"
"1548","G22614","0"
"1549","G23101","1"
"1550","G23909","1"
"1551","G24817","1"
"1552","G25412","0"
"1553","G25728","1"
"1554","G25906","1"
"1555","G26035","0"
"1556","G26380","0"
"1557","G26591","0"
"1558","G27829","0"
"1559","G28473","0"
"1560","G28549","1"
"1561","G29026","0"
"1562","G29533","0"
"1563","G29871","1"
"1564","G30030","1"
"1565","G30447","1"
"1566","G31005","0"
"1567","G31677","1"
"1568","G32872","0"
"1569","G32902","1"
"1570","G33719","1"
"1571","G34202","1"
"1572","G34334","1"
"1573","G34442","1"
"1574","G35030","1"
"1575","G35081","0"
"1576","G35195","1"
"1577","G36571","0"
"1578","G36713","1"
"1579","G37026","1"
"1580","G38104","1"
"1581","G38241","0"
"1582","G40090","0"
"1583","G40138","1"
"1584","X40279","1"
"1585","G40279","0"
"1586","G40453","1"
"1587","G41348","0"
"1588","G41556","1"
"1589","G41675","1"
"1590","G42234","1"
"1591","G42355","1"
"1592","G42374","0"
"1593","G43965","0"
"1594","G44479","0"
"1595","G44853","1"
"1596","G44888","1"
"1597","G45382","1"
"1598","G45958","1"
"1599","G46366","1"
"1600","G47524","0"
"1601","G48556","0"
"1602","G49319","1"
"1603","G49723","1"
"1604","G49843","1"
"1605","G49915","1"
"1606","G50213","1"
"1607","G50321","1"
"1608","G50369","1"
"1609","G50655","1"
"1610","G51056","0"
"1611","G52843","1"
"1612","G52851","1"
"1613","G53086","1"
"1614","G53539","1"
"1615","G53870","1"
"1616","G53917","1"
"1617","G54441","1"
"1618","G54954","1"
"1619","G55299","1"
"1620","G57202","1"
"1621","G57326","0"
"1622","G57905","1"
"1623","G58081","1"
"1624","G58598","1"
"1625","G58770","0"
"1626","G59157","1"
"1627","G60336","1"
"1628","G61368","1"
"1629","G61517","1"
"1630","G61609","1"
"1631","G61672","1"
"1632","G61937","1"
"1633","G62203","1"
"1634","G62904","1"
"1635","G63180","1"
"1636","G63209","1"
"1637","G63263","1"
"1638","G63422","1"
"1639","G63674","1"
"1640","G63709","0"
"1641","G65752","1"
"1642","G65825","1"
"1643","G66066","1"
"1644","G66413","1"
"1645","G66624","1"
"1646","G66707","1"
"1647","G66893","1"
"1648","G67028","1"
"1649","G67293","0"
"1650","G67515","1"
"1651","G67774","1"
"1652","G68353","0"
"1653","G68426","1"
"1654","G68961","1"
"1655","G69207","1"
"1656","G69837","1"
"1657","G71417","0"
"1658","G72538","1"
"1659","G72584","0"
"1660","G74498","0"
"1661","G75584","1"
"1662","G76096","1"
"1663","G76179","0"
"1664","G76982","1"
"1665","G77424","1"
"1666","G78338","0"
"1667","G79081","1"
"1668","G79917","1"
"1669","G80156","0"
"1670","G81745","1"
"1671","G82736","0"
"1672","G82985","0"
"1673","G83099","1"
"1674","G85258","1"
"1675","G85374","0"
"1676","G85621","1"
"1677","G85758","0"
"1678","G86658","1"
"1679","G87444","1"
"1680","G87496","0"
"1681","G87599","1"
"1682","G88652","1"
"1683","G89402","1"
"1684","G89410","1"
"1685","G89417","1"
"1686","G90130","1"
"1687","G90435","1"
"1688","G90482","1"
"1689","G90621","0"
"1690","G90906","1"
"1691","G92884","1"
"1692","G93121","1"
"1693","G93416","1"
"1694","G94495","0"
"1695","G94529","1"
"1696","G94752","1"
"1697","G95391","0"
"1698","G95872","1"
"1699","G96286","0"
"1700","G97381","1"
"1701","G97660","1"
"1702","G98375","0"
"1703","G98554","1"
"1704","G99120","0"
"1705","G99771","1"
"1706","G99792","1"
"1707","G99822","0"
"1708","H00247","1"
"1709","H00400","1"
"1710","H00872","1"
"1711","H02266","1"
"1712","H02966","1"
"1713","H04089","1"
"1714","H04638","1"
"1715","H05612","0"
"1716","H05632","1"
"1717","H05923","1"
"1718","H06104","1"
"1719","H06518","1"
"1720","H07007","1"
"1721","H07027","1"
"1722","H07648","1"
"1723","H08903","1"
"1724","H10123","1"
"1725","H10162","1"
"1726","H10645","1"
"1727","H11220","0"
"1728","H11273","0"
"1729","H11785","1"
"1730","H11991","0"
"1731","H12016","1"
"1732","H12166","1"
"1733","H12477","1"
"1734","H12481","1"
"1735","H12686","0"
"1736","H13808","0"
"1737","H13867","0"
"1738","H14184","1"
"1739","H14688","1"
"1740","H14745","0"
"1741","H14913","0"
"1742","H15436","1"
"1743","H15547","0"
"1744","H15785","0"
"1745","H15852","0"
"1746","H16458","1"
"1747","H16654","1"
"1748","H16698","0"
"1749","H16962","0"
"1750","H17027","1"
"1751","H17104","0"
"1752","H17292","1"
"1753","H18100","0"
"1754","H18256","0"
"1755","H18495","1"
"1756","H18859","1"
"1757","H19764","1"
"1758","H19791","0"
"1759","H20114","1"
"1760","H20492","1"
"1761","H20677","0"
"1762","H21122","1"
"1763","H21164","0"
"1764","H21714","1"
"1765","H22888","1"
"1766","H23346","1"
"1767","H24144","0"
"1768","H24269","1"
"1769","H24347","0"
"1770","H24374","0"
"1771","H24482","1"
"1772","H24552","0"
"1773","H25158","0"
"1774","H25320","1"
"1775","H25343","0"
"1776","H25824","1"
"1777","H25832","1"
"1778","H25970","1"
"1779","H26888","0"
"1780","H27109","1"
"1781","H27162","0"
"1782","H27213","1"
"1783","H27442","0"
"1784","H27703","1"
"1785","H27979","1"
"1786","H28213","1"
"1787","H28461","0"
"1788","H28571","0"
"1789","H28574","1"
"1790","H28610","1"
"1791","H29797","1"
"1792","H30084","1"
"1793","H30412","0"
"1794","H31043","1"
"1795","H31211","1"
"1796","H31309","0"
"1797","H31358","1"
"1798","H31904","1"
"1799","H32246","1"
"1800","H32599","1"
"1801","H33296","0"
"1802","H33448","1"
"1803","H33800","1"
"1804","H34387","1"
"1805","H34760","1"
"1806","H35138","1"
"1807","H35198","1"
"1808","H35797","1"
"1809","H36012","0"
"1810","H36529","1"
"1811","H36672","1"
"1812","H37279","0"
"1813","H37663","1"
"1814","H38009","1"
"1815","H38374","0"
"1816","H39334","1"
"1817","H39363","1"
"1818","H39744","0"
"1819","H39872","0"
"1820","H39949","1"
"1821","H40014","1"
"1822","H40188","0"
"1823","H40297","1"
"1824","H40346","1"
"1825","H40601","1"
"1826","H41355","1"
"1827","H41554","0"
"1828","H41691","0"
"1829","H42794","0"
"1830","H43323","1"
"1831","H43363","1"
"1832","H44861","1"
"1833","H45043","1"
"1834","H45252","0"
"1835","H45305","1"
"1836","H45832","0"
"1837","H47638","1"
"1838","H47878","1"
"1839","H48435","1"
"1840","H48803","0"
"1841","H48837","0"
"1842","H48906","0"
"1843","H49765","0"
"1844","H50971","0"
"1845","H51597","1"
"1846","H52260","1"
"1847","H52359","1"
"1848","H52927","1"
"1849","H53197","0"
"1850","H54283","1"
"1851","H54342","0"
"1852","H54542","1"
"1853","H54575","1"
"1854","H54846","0"
"1855","H54940","0"
"1856","H54984","1"
"1857","H55336","1"
"1858","H55544","0"
"1859","H56777","0"
"1860","H57127","0"
"1861","H57919","1"
"1862","H58399","0"
"1863","H58671","1"
"1864","H59948","1"
"1865","H60225","1"
"1866","H60229","1"
"1867","H61774","1"
"1868","H61883","0"
"1869","H61898","1"
"1870","H62049","0"
"1871","H62260","0"
"1872","H62379","0"
"1873","H63411","1"
"1874","H64057","0"
"1875","H64133","0"
"1876","H65118","1"
"1877","H65425","1"
"1878","H65504","0"
"1879","H65649","0"
"1880","H65651","1"
"1881","H65705","1"
"1882","H65978","0"
"1883","H66512","0"
"1884","H66531","1"
"1885","H66842","0"
"1886","H67108","0"
"1887","H67141","0"
"1888","H67849","1"
"1889","H68332","0"
"1890","H68523","0"
"1891","H69677","0"
"1892","H69817","1"
"1893","H70602","1"
"1894","H70646","1"
"1895","H71594","1"
"1896","H72369","0"
"1897","H72372","1"
"1898","H72658","1"
"1899","H72774","0"
"1900","X73106","1"
"1901","H73106","0"
"1902","H73579","1"
"1903","H75093","1"
"1904","H75598","1"
"1905","H75811","1"
"1906","X76104","1"
"1907","H78315","1"
"1908","H78847","1"
"1909","H79193","1"
"1910","H79328","1"
"1911","H79526","0"
"1912","H79646","1"
"1913","H79923","0"
"1914","H80274","1"
"1915","H80425","0"
"1916","H80484","1"
"1917","H80708","0"
"1918","H80755","1"
"1919","H80805","1"
"1920","H81371","0"
"1921","H81415","0"
"1922","H81459","0"
"1923","H82440","1"
"1924","H83096","1"
"1925","H85605","1"
"1926","H85876","1"
"1927","H86162","1"
"1928","H86516","1"
"1929","H86522","0"
"1930","H86597","1"
"1931","H87956","0"
"1932","H88397","1"
"1933","H88422","0"
"1934","H90953","0"
"1935","H91194","0"
"1936","H92090","1"
"1937","H92093","1"
"1938","H92969","1"
"1939","H93157","0"
"1940","H95145","0"
"1941","H95482","0"
"1942","H95707","1"
"1943","H96325","1"
"1944","H96573","1"
"1945","H97885","0"
"1946","H98449","1"
"1947","H98459","1"
"1948","H98663","1"
"1949","H98703","1"
"1950","H99169","0"
"1951","H99582","1"
"1952","H99898","1"
"1953","H99959","0"
"1954","H99987","1"
"1955","I00098","0"
"1956","I00149","1"
"1957","I00909","1"
"1958","I02085","1"
"1959","I02731","1"
"1960","I02789","0"
"1961","I02932","1"
"1962","I02935","1"
"1963","I03464","1"
"1964","I04145","1"
"1965","I04574","1"
"1966","I06407","0"
"1967","I06536","1"
"1968","I06883","1"
"1969","I06899","1"
"1970","I07023","0"
"1971","I07154","0"
"1972","I07307","1"
"1973","I08127","0"
"1974","I08950","1"
"1975","I09217","1"
"1976","I09428","0"
"1977","I09822","1"
"1978","I10702","0"
"1979","I10801","0"
"1980","I10982","1"
"1981","I11278","1"
"1982","I11322","1"
"1983","I11740","1"
"1984","I11818","1"
"1985","I12258","0"
"1986","I12722","0"
"1987","I13674","0"
"1988","I13963","0"
"1989","I14102","1"
"1990","I14623","1"
"1991","I14624","0"
"1992","I14960","1"
"1993","I15542","0"
"1994","I15701","1"
"1995","I15702","1"
"1996","I15798","1"
"1997","I16363","0"
"1998","I17289","0"
"1999","I17583","1"
"2000","I17778","1"
"2001","I17791","1"
"2002","I17796","1"
"2003","I18171","1"
"2004","I18386","1"
"2005","I19298","1"
"2006","I19913","1"
"2007","I22240","0"
"2008","I22948","1"
"2009","I22982","0"
"2010","I23182","0"
"2011","I23530","0"
"2012","I23918","0"
"2013","I24000","1"
"2014","I24105","0"
"2015","I24118","1"
"2016","I24204","1"
"2017","I24364","1"
"2018","I25046","1"
"2019","I25159","0"
"2020","I25552","1"
"2021","I25785","1"
"2022","I26097","1"
"2023","I26496","1"
"2024","I27009","1"
"2025","I27518","1"
"2026","I27890","0"
"2027","I28001","1"
"2028","I28421","1"
"2029","I28614","1"
"2030","I29848","1"
"2031","I29924","1"
"2032","I29927","1"
"2033","I31275","1"
"2034","I31403","1"
"2035","I32161","0"
"2036","I33134","1"
"2037","I33204","1"
"2038","I33472","1"
"2039","I33493","1"
"2040","I33701","1"
"2041","I33958","1"
"2042","I34152","1"
"2043","I34420","0"
"2044","I35040","0"
"2045","I35404","0"
"2046","I36080","1"
"2047","I36848","0"
"2048","I37073","0"
"2049","I37849","1"
"2050","I38084","0"
"2051","I38172","0"
"2052","I38500","1"
"2053","I39065","1"
"2054","I39139","0"
"2055","I39319","1"
"2056","I39432","1"
"2057","I39436","1"
"2058","I39677","1"
"2059","I40200","1"
"2060","I40329","0"
"2061","I40693","1"
"2062","I41047","0"
"2063","I42079","1"
"2064","I42112","0"
"2065","I42851","0"
"2066","I43246","1"
"2067","I43525","1"
"2068","I43573","1"
"2069","I43985","1"
"2070","I43993","0"
"2071","I44119","0"
"2072","I44936","1"
"2073","I45626","1"
"2074","I46180","1"
"2075","I46418","1"
"2076","I46779","0"
"2077","I47013","0"
"2078","I47270","1"
"2079","I47971","1"
"2080","I48389","1"
"2081","I48650","1"
"2082","I48755","1"
"2083","I48766","0"
"2084","I49323","1"
"2085","I49669","1"
"2086","I50258","1"
"2087","I51704","0"
"2088","I52955","1"
"2089","I53332","0"
"2090","I54799","1"
"2091","I54946","1"
"2092","I55147","0"
"2093","I55354","1"
"2094","I55994","1"
"2095","I56321","0"
"2096","I56622","0"
"2097","I57798","1"
"2098","I58082","0"
"2099","I58093","0"
"2100","I58914","0"
"2101","I59141","1"
"2102","I59192","0"
"2103","I60604","0"
"2104","I60714","1"
"2105","I61123","1"
"2106","I61369","1"
"2107","I61479","1"
"2108","I61680","0"
"2109","I62809","0"
"2110","I62910","1"
"2111","I63416","1"
"2112","I63843","1"
"2113","I65693","0"
"2114","I66254","1"
"2115","I66537","1"
"2116","I67072","1"
"2117","I67480","1"
"2118","I67677","1"
"2119","I67910","1"
"2120","I68219","1"
"2121","I68354","1"
"2122","I68424","0"
"2123","I68549","1"
"2124","Z68786","1"
"2125","I69269","1"
"2126","I69635","1"
"2127","I69780","1"
"2128","I69869","0"
"2129","I71991","0"
"2130","I72203","0"
"2131","I73302","1"
"2132","I73698","0"
"2133","I73861","1"
"2134","I74040","1"
"2135","I74965","0"
"2136","I75204","1"
"2137","I75377","0"
"2138","I75663","0"
"2139","I75875","1"
"2140","I76225","1"
"2141","I76561","0"
"2142","I77270","1"
"2143","I77670","0"
"2144","I78068","1"
"2145","I78437","0"
"2146","I80910","1"
"2147","I81398","1"
"2148","I81613","0"
"2149","I82242","1"
"2150","I82348","1"
"2151","I82429","1"
"2152","I82875","0"
"2153","I83423","1"
"2154","I83816","1"
"2155","I83960","1"
"2156","I84457","1"
"2157","I85865","1"
"2158","I85985","0"
"2159","I86304","1"
"2160","I86306","1"
"2161","I86402","1"
"2162","I86412","0"
"2163","I87241","1"
"2164","I87401","0"
"2165","I88081","0"
"2166","I88588","1"
"2167","I88668","1"
"2168","I89154","1"
"2169","I89871","1"
"2170","I89902","1"
"2171","I90309","0"
"2172","I90342","0"
"2173","I90345","1"
"2174","I90956","1"
"2175","I91497","1"
"2176","I91528","1"
"2177","I91537","1"
"2178","I92119","1"
"2179","I92697","1"
"2180","I93085","0"
"2181","I93776","1"
"2182","I94840","1"
"2183","I95573","1"
"2184","I97002","1"
"2185","I97061","0"
"2186","I97500","0"
"2187","I97650","0"
"2188","I97707","0"
"2189","I97967","1"
"2190","I98487","0"
"2191","I98590","0"
"2192","I98726","1"
"2193","I99440","1"
"2194","I99616","1"
"2195","J00400","0"
"2196","J01100","1"
"2197","J01412","0"
"2198","J01527","0"
"2199","J01567","1"
"2200","J01750","1"
"2201","J02442","1"
"2202","J03493","1"
"2203","J03750","1"
"2204","J03865","1"
"2205","J04429","1"
"2206","J05153","1"
"2207","J05383","1"
"2208","J05757","0"
"2209","J06219","1"
"2210","J06328","1"
"2211","J06524","1"
"2212","J06882","0"
"2213","J07326","0"
"2214","J08491","1"
"2215","J08633","1"
"2216","J08876","1"
"2217","J08964","1"
"2218","J09397","0"
"2219","J09816","1"
"2220","J10289","0"
"2221","J10722","1"
"2222","J11315","1"
"2223","J11524","1"
"2224","J11751","1"
"2225","J12089","1"
"2226","J12206","1"
"2227","J12830","0"
"2228","J12923","0"
"2229","J13602","0"
"2230","J14007","1"
"2231","J14938","1"
"2232","J15311","1"
"2233","J15545","1"
"2234","J15935","1"
"2235","J15976","0"
"2236","J17512","1"
"2237","J19100","1"
"2238","J19202","1"
"2239","J19326","1"
"2240","J19346","0"
"2241","J20217","0"
"2242","J20261","1"
"2243","J20900","1"
"2244","J21272","1"
"2245","J21404","1"
"2246","J21497","1"
"2247","J21657","1"
"2248","J21802","1"
"2249","J21973","1"
"2250","J22251","0"
"2251","J22632","1"
"2252","J22939","1"
"2253","J23207","1"
"2254","J24556","1"
"2255","J24652","1"
"2256","J25120","1"
"2257","J25126","1"
"2258","J25976","0"
"2259","J27219","1"
"2260","J27646","0"
"2261","J27811","0"
"2262","J28247","0"
"2263","J29046","0"
"2264","J29120","1"
"2265","J29850","1"
"2266","J29936","1"
"2267","J30652","1"
"2268","J30926","0"
"2269","J31737","1"
"2270","J32322","0"
"2271","J32362","1"
"2272","J32862","0"
"2273","J33177","1"
"2274","J33651","0"
"2275","J33824","0"
"2276","J33943","1"
"2277","J34383","1"
"2278","J34940","1"
"2279","J35003","1"
"2280","J35229","1"
"2281","J35347","1"
"2282","J35878","0"
"2283","J36150","1"
"2284","J36793","1"
"2285","J37194","1"
"2286","J37211","0"
"2287","J37533","1"
"2288","J38194","1"
"2289","J38424","1"
"2290","J38761","1"
"2291","J38968","1"
"2292","J39075","1"
"2293","J39102","1"
"2294","J40121","1"
"2295","J41138","0"
"2296","J41420","1"
"2297","J42317","1"
"2298","J42441","1"
"2299","J42469","1"
"2300","J42536","0"
"2301","J42813","1"
"2302","J42907","0"
"2303","J43019","1"
"2304","J43200","1"
"2305","J43764","0"
"2306","J43901","0"
"2307","J45498","1"
"2308","J45732","0"
"2309","J45963","1"
"2310","J45993","1"
"2311","J46432","1"
"2312","J46912","1"
"2313","J48562","1"
"2314","J49251","0"
"2315","J49473","1"
"2316","J49614","1"
"2317","J49729","1"
"2318","J49926","1"
"2319","J50113","1"
"2320","J50236","1"
"2321","J50587","0"
"2322","J51006","0"
"2323","J51108","1"
"2324","J51337","1"
"2325","J51424","1"
"2326","J51757","1"
"2327","J52347","0"
"2328","J52481","1"
"2329","J52717","1"
"2330","J54033","1"
"2331","J54905","1"
"2332","J55265","1"
"2333","J55722","1"
"2334","J56079","1"
"2335","J57239","1"
"2336","J57275","0"
"2337","J57280","1"
"2338","J57471","1"
"2339","J57660","0"
"2340","J57889","1"
"2341","J58286","1"
"2342","J58384","1"
"2343","J58628","0"
"2344","J58696","1"
"2345","J58803","0"
"2346","J59014","0"
"2347","J59079","1"
"2348","J59749","1"
"2349","J60760","1"
"2350","J62651","1"
"2351","J62928","1"
"2352","J63580","0"
"2353","J64220","1"
"2354","J64546","0"
"2355","J64594","0"
"2356","J64684","1"
"2357","J65140","1"
"2358","J65811","1"
"2359","J66581","1"
"2360","J66904","1"
"2361","J67658","1"
"2362","J67824","1"
"2363","J68418","0"
"2364","J68978","0"
"2365","J69794","0"
"2366","J69856","0"
"2367","J70189","0"
"2368","J70971","0"
"2369","J71553","1"
"2370","J71653","0"
"2371","J72811","0"
"2372","J72885","1"
"2373","J73113","0"
"2374","J73858","0"
"2375","J74012","0"
"2376","J74551","1"
"2377","J75395","1"
"2378","J76146","0"
"2379","J76192","0"
"2380","J76662","1"
"2381","J76786","0"
"2382","J77636","1"
"2383","J77738","1"
"2384","J79089","0"
"2385","J79376","1"
"2386","J80655","1"
"2387","J80953","0"
"2388","J80962","1"
"2389","J81334","0"
"2390","J81761","0"
"2391","J81820","1"
"2392","J81824","0"
"2393","J82069","1"
"2394","J82346","1"
"2395","J82498","0"
"2396","J82677","0"
"2397","J82985","1"
"2398","J83039","1"
"2399","J83102","1"
"2400","J84024","1"
"2401","J84177","1"
"2402","J85057","1"
"2403","J85346","1"
"2404","J85558","1"
"2405","J85914","1"
"2406","J85950","1"
"2407","J86020","1"
"2408","J86279","1"
"2409","J86513","1"
"2410","J86866","1"
"2411","J87743","0"
"2412","J87991","1"
"2413","J88093","1"
"2414","J88171","1"
"2415","J89615","0"
"2416","J89767","0"
"2417","J89830","1"
"2418","J89915","0"
"2419","J89923","0"
"2420","J90448","0"
"2421","J90885","1"
"2422","J91052","1"
"2423","J91548","1"
"2424","J91909","0"
"2425","J92081","1"
"2426","J92175","1"
"2427","X92670","0"
"2428","J92670","1"
"2429","J93034","1"
"2430","J93161","1"
"2431","J93682","1"
"2432","J94730","1"
"2433","J94848","1"
"2434","J95005","0"
"2435","J95467","0"
"2436","J95891","0"
"2437","J95998","1"
"2438","J96056","1"
"2439","J97093","0"
"2440","J98244","1"
"2441","J98284","1"
"2442","J98486","1"
"2443","J98831","0"
"2444","J99151","0"
"2445","J99176","1"
"2446","K00233","0"
"2447","K00296","1"
"2448","K01470","0"
"2449","K01603","1"
"2450","K02492","1"
"2451","K03065","0"
"2452","K03293","1"
"2453","K03618","1"
"2454","K03886","0"
"2455","K04268","1"
"2456","K04694","0"
"2457","K04720","1"
"2458","K04884","1"
"2459","K04885","0"
"2460","K05247","0"
"2461","K05894","0"
"2462","K06821","1"
"2463","K06997","1"
"2464","K07578","0"
"2465","K08527","1"
"2466","K08667","1"
"2467","K08734","0"
"2468","K08875","1"
"2469","K10001","0"
"2470","K10209","1"
"2471","K10781","1"
"2472","K11410","1"
"2473","K11778","0"
"2474","K12127","0"
"2475","K12393","0"
"2476","K12565","1"
"2477","K12611","1"
"2478","K12815","0"
"2479","K12916","1"
"2480","K13108","1"
"2481","K13548","0"
"2482","K14521","1"
"2483","K14697","1"
"2484","K15648","0"
"2485","K16274","1"
"2486","K16525","1"
"2487","K16719","1"
"2488","K17560","1"
"2489","K17598","0"
"2490","K17753","1"
"2491","K17889","1"
"2492","K20074","1"
"2493","K20144","1"
"2494","K20645","0"
"2495","K21807","1"
"2496","K21822","0"
"2497","K22019","0"
"2498","K22081","1"
"2499","K22289","1"
"2500","K22357","0"
"2501","K23101","1"
"2502","K23222","0"
"2503","K23286","1"
"2504","K23986","1"
"2505","K24665","1"
"2506","K24736","1"
"2507","K25066","1"
"2508","K25322","0"
"2509","K26024","0"
"2510","K26442","0"
"2511","K26829","1"
"2512","K26862","0"
"2513","K26950","0"
"2514","K27741","0"
"2515","K28508","1"
"2516","K29064","0"
"2517","K29231","1"
"2518","K30074","1"
"2519","K30254","0"
"2520","X30803","0"
"2521","K30803","1"
"2522","K31325","1"
"2523","K31384","1"
"2524","K31874","1"
"2525","K31913","1"
"2526","K32594","1"
"2527","K32892","0"
"2528","K32924","1"
"2529","K34592","1"
"2530","K34604","1"
"2531","K35053","1"
"2532","K35146","0"
"2533","K35194","0"
"2534","K35833","1"
"2535","K36098","1"
"2536","K36929","1"
"2537","K37125","1"
"2538","K38016","1"
"2539","K38692","1"
"2540","K39323","1"
"2541","K39703","1"
"2542","K40254","1"
"2543","K40797","0"
"2544","K41689","0"
"2545","K42376","1"
"2546","K43167","1"
"2547","K43682","0"
"2548","K43924","0"
"2549","K44313","1"
"2550","K44777","0"
"2551","K44783","0"
"2552","K44815","1"
"2553","K45457","1"
"2554","K45588","1"
"2555","K45779","1"
"2556","K46676","1"
"2557","K48724","1"
"2558","K49624","0"
"2559","K50074","1"
"2560","K50470","1"
"2561","K50528","0"
"2562","K51879","1"
"2563","K52274","1"
"2564","K52479","1"
"2565","K52783","1"
"2566","K53178","1"
"2567","K53958","0"
"2568","K54247","0"
"2569","K54255","1"
"2570","K54666","1"
"2571","K55326","0"
"2572","K55869","0"
"2573","K56990","0"
"2574","K57508","1"
"2575","K57783","1"
"2576","K58150","1"
"2577","K58278","1"
"2578","K58393","0"
"2579","K58565","0"
"2580","K59105","1"
"2581","K59678","0"
"2582","K59973","1"
"2583","K60019","1"
"2584","K60380","1"
"2585","K60552","1"
"2586","K60781","1"
"2587","K62128","1"
"2588","K62527","0"
"2589","K63684","0"
"2590","K64235","1"
"2591","K64688","1"
"2592","K66276","0"
"2593","K66506","1"
"2594","K66812","0"
"2595","K67073","1"
"2596","K67097","1"
"2597","K67696","0"
"2598","K68126","1"
"2599","K68568","1"
"2600","K69406","1"
"2601","K69585","1"
"2602","K70876","1"
"2603","K71163","1"
"2604","K71647","0"
"2605","K72345","1"
"2606","K72426","0"
"2607","K72874","1"
"2608","K73142","0"
"2609","K73272","1"
"2610","K73466","0"
"2611","K74059","0"
"2612","K74412","0"
"2613","K75151","1"
"2614","K75177","1"
"2615","K75417","0"
"2616","K76046","1"
"2617","K77011","1"
"2618","K77253","1"
"2619","K77455","0"
"2620","K77498","1"
"2621","K77984","1"
"2622","K78275","1"
"2623","K78286","0"
"2624","K78526","1"
"2625","K78676","1"
"2626","K79468","0"
"2627","K79724","1"
"2628","K80158","1"
"2629","K80419","0"
"2630","K80681","0"
"2631","K81051","0"
"2632","K81064","1"
"2633","K81451","0"
"2634","K81488","1"
"2635","K81651","1"
"2636","K81916","1"
"2637","K82120","0"
"2638","K82499","1"
"2639","K83364","1"
"2640","K85145","0"
"2641","K85374","0"
"2642","X85470","1"
"2643","K86078","0"
"2644","K86127","1"
"2645","K86658","1"
"2646","K86749","1"
"2647","K86807","1"
"2648","K87105","1"
"2649","K87506","1"
"2650","K87868","0"
"2651","K88276","1"
"2652","K88539","1"
"2653","K88837","1"
"2654","K89448","1"
"2655","K89688","0"
"2656","K89760","0"
"2657","K89814","1"
"2658","K90166","0"
"2659","K90527","1"
"2660","K91007","1"
"2661","K91597","1"
"2662","K91662","0"
"2663","K91770","1"
"2664","K92261","0"
"2665","K92392","0"
"2666","K92410","1"
"2667","K92868","0"
"2668","K93916","1"
"2669","K93947","1"
"2670","K95037","0"
"2671","K95600","0"
"2672","K95723","1"
"2673","K96150","1"
"2674","K96218","0"
"2675","K96429","1"
"2676","K96712","0"
"2677","K96929","1"
"2678","K96956","0"
"2679","K97042","0"
"2680","K97216","0"
"2681","K97535","1"
"2682","K97803","1"
"2683","K97922","0"
"2684","K99665","0"
